{
  "Skeleton": {
    "energies": [
      10.0,
      50.0,
      100.0,
      250.0,
      500.0,
      1000.0
    ],
    "dose_ev_g": [
      0.29259738843567173,
      9.299104379656447,
      6.430371648650469,
      8.551406275437568,
      15.892843366167806,
      29.7209042393539
    ],
    "uncertainty_rel": [
      3.83108192730783,
      1.374450118648563,
      2.251938174206761,
      2.688605406302146,
      2.8239410802416205,
      2.7992435628398633
    ]
  },
  "Lungs": {
    "energies": [
      10.0,
      50.0,
      100.0,
      250.0,
      500.0,
      1000.0
    ],
    "dose_ev_g": [
      0.0,
      3.4031015668053017,
      3.640457610396725,
      9.747141198788329,
      19.96133329848151,
      41.14537725244587
    ],
    "uncertainty_rel": [
      0.0,
      6.367041443675086,
      5.168271216693075,
      5.963738776437016,
      9.954701277832603,
      11.409766772792256
    ]
  },
  "Brain": {
    "energies": [
      10.0,
      50.0,
      100.0,
      250.0,
      500.0,
      1000.0
    ],
    "dose_ev_g": [
      0.22180416202155329,
      1.4732042702486126,
      2.384865576195573,
      7.014786422280851,
      15.742024349469219,
      29.999519274120182
    ],
    "uncertainty_rel": [
      9.343753035379452,
      5.451552403564935,
      0.7449624606332165,
      2.8122337063870333,
      4.571960421210002,
      5.7479225750996985
    ]
  },
  "Heart": {
    "energies": [
      10.0,
      50.0,
      100.0,
      250.0,
      500.0,
      1000.0
    ],
    "dose_ev_g": [
      0.0,
      3.9438964259717033,
      4.551384729857835,
      10.535213446268848,
      19.227621124029017,
      34.44840726037665
    ],
    "uncertainty_rel": [
      0.0,
      7.072780281198661,
      8.787957860517743,
      5.747622672738665,
      5.157922885489655,
      5.647414104734957
    ]
  },
  "Liver": {
    "energies": [
      10.0,
      50.0,
      100.0,
      250.0,
      500.0,
      1000.0
    ],
    "dose_ev_g": [
      0.0,
      3.5680900421930457,
      4.4551780159797945,
      10.397644857960962,
      19.976525748460816,
      36.92467975165264
    ],
    "uncertainty_rel": [
      0.0,
      4.686029009148928,
      7.264245213848727,
      6.476096155737336,
      4.850441237596832,
      5.973171005833596
    ]
  },
  "Kidneys": {
    "energies": [
      10.0,
      50.0,
      100.0,
      250.0,
      500.0,
      1000.0
    ],
    "dose_ev_g": [
      0.0,
      2.5469386801180036,
      3.1022053334333606,
      8.724327621484743,
      18.488344030364136,
      37.255970920017305
    ],
    "uncertainty_rel": [
      0.0,
      22.614269967058423,
      15.367392420692017,
      7.9510417214244065,
      12.641932281840877,
      18.982131822981167
    ]
  },
  "Skin": {
    "energies": [
      10.0,
      50.0,
      100.0,
      250.0,
      500.0,
      1000.0
    ],
    "dose_ev_g": [
      13.491291548923218,
      2.565831701564009,
      3.107381462729301,
      8.545562310864597,
      17.49715184614438,
      34.5235820959231
    ],
    "uncertainty_rel": [
      0.8827055231012925,
      2.899989134450541,
      1.778387721328889,
      2.7991202984972907,
      2.4734023380411103,
      3.126826695656982
    ]
  },
  "Muscle": {
    "energies": [
      10.0,
      50.0,
      100.0,
      250.0,
      500.0,
      1000.0
    ],
    "dose_ev_g": [
      0.5688269961330178,
      2.9383514693788126,
      3.708052013104517,
      9.60006663045138,
      19.632826460030234,
      36.56620116278637
    ],
    "uncertainty_rel": [
      0.7385059532126707,
      1.6913534876538614,
      1.2271490828645666,
      1.5403115237172869,
      1.1633559407629774,
      1.1871346445027062
    ]
  }
}