{
  "scale_x": 0.9940889329563598,
  "scale_y": 0.9940889329563598,
  "scale_z": 0.9772727272727273,
  "weight_ratio": 0.9657534246575342
}